0.000000,-5.921271,-6.291143,-77.376068
0.213000,-5.997639,-6.517248,-77.804962
0.405000,-6.314023,-5.760689,-82.916916
0.619000,-7.457064,-3.699256,-96.907280
0.811000,-6.535535,-2.537277,-107.254585
1.003000,-4.296878,-2.247739,-111.209061
1.216000,-3.564745,-1.897069,-110.929794
1.408000,-4.317113,-1.634157,-109.786263
1.600000,-5.016766,-2.066540,-108.348038
1.813000,-9.591629,-2.066731,-107.399834
2.005000,-15.222068,-3.678869,-106.243080
2.219000,-17.764172,-3.044188,-110.843422
2.411000,-17.091949,-3.011524,-112.461967
2.603000,-16.608849,-3.418095,-109.679642
2.816000,-16.689354,-4.315474,-105.595062
3.008000,-16.050245,-3.974523,-103.855873
3.200000,-15.962261,-3.133852,-102.251770
3.413000,-15.658685,-2.967699,-103.684525
3.605000,-15.234099,-3.057189,-106.576599
3.819000,-13.525682,-3.242920,-108.491096
4.011000,-12.006405,-4.674354,-110.744041
4.203000,-10.312349,-5.065724,-111.671700
4.416000,-9.160879,-6.564254,-112.315964
4.608000,-7.315518,-7.735824,-114.264206
4.800000,-6.019099,-7.132091,-117.619865
5.013000,-5.125307,-6.220372,-118.922440
5.205000,-5.172737,-6.319114,-118.003693
5.419000,-6.154396,-5.092578,-115.666420
5.611000,-6.211340,-4.333077,-111.963333
5.803000,-5.732021,-3.618348,-109.679810
6.016000,-5.071656,-4.532680,-108.044846
6.208000,-4.378917,-5.481253,-107.572395
6.400000,-2.225970,-6.094883,-104.106926
6.613000,-1.045151,-6.509248,-98.346336
6.805000,-1.703438,-7.871516,-89.954666
7.019000,-1.702001,-7.900600,-87.600342
7.211000,-1.675728,-7.652440,-88.324272
7.403000,-1.175046,-7.548544,-89.346611
7.616000,-1.006801,-7.780322,-90.474525
7.808000,-0.868517,-7.760224,-93.225410
8.021000,-0.745625,-7.429830,-96.466629
8.213000,-0.821057,-7.507708,-96.309921
8.405000,-0.808395,-7.672625,-95.985870
8.619000,-0.668033,-8.091248,-94.842819
8.811000,-0.663181,-8.915153,-92.247299
9.003000,-0.484554,-9.574566,-89.959251
9.216000,-0.320751,-9.574547,-89.945534
9.408000,-0.220752,-9.077947,-92.780190
9.600000,-0.464995,-7.448676,-99.625000
9.813000,-0.508028,-7.288362,-103.053520
10.005000,-0.491736,-7.286076,-102.801323
10.219000,-0.391496,-7.216453,-102.633347
10.411000,-0.444685,-7.043519,-101.165855
10.603000,-0.337038,-7.454513,-97.660912
10.816000,-0.266112,-7.859214,-95.053810
11.008000,-0.063013,-7.706575,-94.553009
11.221000,0.037473,-7.791325,-94.221603
11.413000,0.042856,-7.797004,-94.143013
11.605000,-0.035861,-7.869587,-94.064293
11.819000,-0.131643,-7.946913,-94.233299
12.011000,0.110023,-8.036618,-94.216431
12.203000,0.436278,-8.048424,-94.193466
12.416000,0.593858,-8.060193,-94.266533
12.608000,0.576376,-8.055072,-94.508179
12.800000,0.357725,-7.893190,-95.420212
13.013000,0.172159,-7.884992,-95.757561
13.205000,-0.101526,-7.789965,-96.262962
13.419000,-0.377128,-7.294348,-101.000916
13.611000,-0.538697,-7.282586,-103.539307
13.803000,-1.039299,-7.717580,-102.929871
14.016000,-0.805472,-7.745839,-101.855667
14.208000,-0.743780,-7.583009,-101.187775
14.421000,2.076629,-7.844176,-103.775322
14.613000,4.201013,-7.988775,-109.967293
14.805000,5.669862,-6.182639,-128.361816
15.019000,5.520402,-5.524171,-138.648270
15.211000,4.052484,-4.648883,-134.719315
15.403000,2.445407,-4.677773,-119.841301
15.616000,0.736659,-4.504531,-104.442322
15.808000,-0.303053,-4.123649,-100.649391
16.000000,-1.215308,-4.049975,-99.051804
16.212999,-1.293432,-4.456741,-98.163811
16.405001,-0.806145,-4.656105,-97.822731
16.618999,-0.171179,-5.022603,-93.901474
16.811001,-0.422126,-5.432079,-90.344650
17.003000,-0.197687,-5.434999,-89.035538
17.216000,1.066491,-3.927965,-84.935020
17.408001,1.783893,-3.608244,-87.430168
17.600000,2.123083,-3.392552,-89.450882
17.813000,2.253148,-4.062780,-90.487747
18.004999,2.775268,-4.496639,-91.593956
18.219000,4.672404,-4.740933,-92.810669
18.410999,7.109143,-5.162491,-94.559303
18.603001,8.498153,-5.479992,-95.857475
18.816000,8.624739,-5.806154,-99.906471
19.007999,8.419981,-5.570383,-101.318253
19.200001,8.354925,-5.342540,-101.589195
19.413000,7.440985,-5.346156,-101.865799
19.605000,7.327190,-5.597755,-102.106178
19.819000,7.624162,-5.624350,-100.868057
20.011000,7.588954,-5.140535,-98.693214
20.202999,7.928315,-5.734403,-97.501053
20.416000,7.562519,-6.384208,-99.023849
20.608000,7.113101,-6.642361,-100.991699
20.820999,6.027882,-6.494800,-101.709717
21.013000,4.137237,-6.757889,-97.070419
21.205000,2.516789,-7.711965,-86.417984
21.419001,1.449070,-7.503248,-86.492622
21.611000,-0.222760,-6.404249,-92.529663
21.802999,-1.048415,-6.107130,-97.446541
22.016001,-1.801872,-6.035781,-99.440277
22.208000,-1.893312,-5.611332,-100.334663
22.421000,-1.784509,-5.207162,-100.558121
22.613001,-1.870008,-5.117625,-100.810371
22.805000,-1.696079,-5.134089,-100.553017
23.018999,-1.784509,-5.207162,-100.558121
23.211000,-2.186759,-5.090601,-100.662415
23.403000,-2.438579,-5.142893,-100.748016
23.615999,-2.600284,-5.127577,-100.754929
23.808001,-2.701554,-5.197179,-101.010986
24.000000,-2.863293,-5.181470,-101.017944
24.212999,-2.863293,-5.181470,-101.017944
24.405001,-2.863293,-5.181470,-101.017944
24.618999,-2.929462,-5.097883,-100.857231
24.811001,-3.025017,-5.165742,-101.024849
25.003000,-3.192749,-5.150807,-101.120522
25.216000,-3.193555,-5.144807,-101.193390
25.408001,-3.104710,-5.072287,-101.187424
25.600000,-2.781371,-5.104182,-101.173866
25.813000,-2.622477,-4.951420,-101.574966
26.004999,-2.784148,-4.934924,-101.581558
26.219000,-2.629086,-4.947018,-101.736626
26.410999,-2.642260,-4.938162,-102.059792
26.603001,-2.642260,-4.938162,-102.059792
26.816000,-2.714410,-4.849112,-102.060791
27.007999,-2.707967,-4.853637,-101.899239
27.200001,-2.875921,-4.831938,-102.067200
27.413000,-2.810303,-4.916314,-102.227829
27.605000,-2.810303,-4.916314,-102.227829
27.819000,-2.744936,-5.000844,-102.388336
28.011000,-2.815913,-4.917209,-102.317360
28.202999,-2.750572,-5.001835,-102.477951
28.416000,-2.589041,-5.019588,-102.471298
28.608000,-2.589041,-5.019588,-102.471298
28.820999,-2.499370,-4.947993,-102.465797
29.013000,-2.499370,-4.947993,-102.465797
29.205000,-2.331175,-4.969752,-102.297607
29.419001,-2.511600,-5.107677,-102.380486
29.611000,-2.582352,-5.023987,-102.309738
29.802999,-2.576804,-5.022843,-102.220200
30.016001,-2.492768,-4.952255,-102.304237
30.208000,-2.504774,-5.111972,-102.218994
30.421000,-2.504774,-5.111972,-102.218994
30.613001,-2.510347,-5.113228,-102.308533
30.805000,-2.341843,-5.134802,-102.140030
31.018999,-2.253774,-5.057571,-102.206711
31.211000,-2.276705,-5.219965,-102.300224
31.403000,-2.276705,-5.219965,-102.300224
31.615999,-2.373412,-5.287558,-102.467400
31.808001,-2.438332,-5.202463,-102.307220
32.000000,-2.366309,-5.291694,-102.305794
32.213001,-2.294276,-5.380918,-102.304253
32.404999,-2.294276,-5.380918,-102.304253
32.618999,-2.222234,-5.470135,-102.302605
32.811001,-2.383897,-5.452630,-102.309959
33.002998,-2.216562,-5.468431,-102.213028
33.216000,-2.222234,-5.470135,-102.302605
33.408001,-2.150182,-5.559347,-102.300835
33.620998,-0.877507,-6.019533,-101.991974
33.813000,0.557321,-6.336533,-102.004158
34.005001,1.579655,-6.425699,-101.049805
34.219002,1.851480,-6.829798,-95.735909
34.410999,2.133152,-7.397109,-90.917831
34.603001,2.675107,-7.543458,-90.067253
34.816002,4.619760,-6.829873,-79.555969
35.007999,6.676513,-4.258618,-65.028671
35.200001,8.231725,-3.357223,-56.180698
35.412998,8.614806,-2.105126,-48.291676
35.605000,8.675284,-1.253658,-45.215370
35.819000,7.985519,-1.689110,-44.892181
36.011002,7.636158,-2.232435,-44.136406
36.202999,5.785518,-2.073020,-56.566692
36.416000,3.814014,-0.137832,-86.833389
36.608002,4.251843,0.296994,-99.504654
36.820999,3.604416,-0.562482,-105.187660
37.013000,3.998707,0.131369,-121.639069
37.205002,4.056738,0.239942,-140.453918
37.418999,4.302313,-0.325555,-154.668961
37.611000,3.489721,-2.517793,-168.091339
37.803001,2.561608,-5.576030,-172.292908
38.015999,2.015992,-8.660331,-176.166946
38.208000,1.974922,-9.270563,-178.344269
38.400002,2.373785,-9.480942,-177.732422
38.612999,2.457145,-10.033039,-176.908585
38.805000,2.439263,-10.136102,-175.869476
39.019001,2.892423,-9.973304,-174.568573
39.210999,3.121558,-10.287207,-173.499756
39.403000,3.245826,-10.369296,-172.215134
39.616001,3.380462,-10.680293,-171.036697
39.807999,1.109310,-10.328408,-155.091644
40.021000,0.107021,-10.560636,-140.790848
40.213001,1.538481,-10.044659,-125.757057
40.404999,1.595439,-9.157348,-112.205132
40.618999,1.168149,-9.219564,-108.028564
40.811001,0.347148,-9.091669,-108.255684
41.002998,0.422536,-9.438955,-108.662582
41.216000,0.576621,-9.471051,-108.743164
41.408001,0.824719,-9.174297,-108.310326
41.620998,1.386169,-9.496724,-107.847015
41.813000,2.062222,-9.848286,-107.945068
42.005001,3.752274,-10.315121,-108.545708
42.219002,4.603848,-10.530870,-109.799057
42.410999,5.183487,-10.546093,-109.744843
42.603001,5.483437,-10.635239,-108.976509
42.816002,5.253779,-10.516809,-109.003410
43.007999,5.520814,-9.724067,-111.479401
43.200001,6.130656,-8.944103,-120.929985
43.412998,7.462072,-8.544845,-133.165543
43.605000,10.526546,-7.718409,-147.381271
43.819000,14.572022,-8.508060,-161.470734
44.011002,16.825104,-10.686365,-168.752609
44.202999,16.107750,-13.572870,-172.357422
44.416000,13.862312,-15.452765,-174.497604
44.608002,12.529647,-15.570368,-174.089722
44.820999,10.305655,-15.664085,-166.949554
45.013000,10.045258,-15.735687,-154.872894
45.205002,9.810868,-14.791860,-141.670181
45.418999,10.938104,-13.352759,-132.486069
45.611000,10.983100,-10.078215,-123.882881
45.803001,4.862928,-5.711822,-111.485382
46.015999,-2.886153,-3.535948,-101.623253
46.208000,-10.079224,-1.777493,-99.440842
46.400002,-12.047927,-1.751683,-99.732452
46.612999,-12.597282,-1.808208,-101.799301
46.805000,-12.457643,-1.167372,-102.537827
47.019001,-11.855517,-1.107170,-101.374046
47.210999,-11.633236,-1.664265,-100.116089
47.403000,-10.380517,-2.283708,-99.903717
47.616001,-10.177400,-2.692348,-100.098213
47.807999,-10.503896,-2.633072,-100.424706
48.021000,-10.572243,-2.575677,-100.096764
48.213001,-10.501528,-2.648169,-100.263954
48.404999,-10.525217,-2.802488,-100.366943
48.618999,-10.703793,-2.932745,-100.545738
48.811001,-10.809182,-2.952271,-101.125298
49.002998,-10.576083,-3.056588,-101.128899
49.216000,-10.333885,-3.166921,-101.043671
49.408001,-10.336903,-3.151971,-101.204407
49.620998,-10.595211,-3.201808,-101.304993
49.813000,-10.339878,-3.137017,-101.365105
50.005001,-10.090636,-3.081312,-101.353302
50.219002,-10.018450,-3.169739,-101.359100
50.410999,-9.929882,-3.097649,-101.350365
50.603001,-9.769086,-3.113982,-101.347382
50.816002,-9.602063,-3.158176,-101.022552
51.007999,-8.444045,-4.050185,-94.607491
51.200001,-3.326114,-6.609783,-67.635956
51.412998,0.970980,-6.158995,-46.555923
51.605000,2.840833,-5.299522,-39.824902
51.819000,3.925396,-4.197330,-36.617172
52.011002,3.884872,-3.547113,-43.972366
52.202999,2.801318,-3.136970,-74.466003
52.416000,2.612058,-3.046150,-98.777702
52.608002,1.730497,-2.726131,-102.961594
52.820999,-0.475086,-2.555292,-103.908661
53.013000,0.256752,-2.403613,-104.948265
53.205002,0.557763,-2.031105,-104.531578
53.418999,0.915866,-2.482247,-104.200027
53.611000,0.851509,-2.965192,-104.358658
53.803001,0.754597,-3.038407,-104.612122
54.015999,0.379297,-2.745888,-104.783836
54.208000,0.084018,-2.542254,-104.539597
54.400002,0.157896,-2.633076,-104.377068
54.612999,0.298500,-2.814038,-104.373367
54.805000,0.688701,-2.947327,-104.453575
55.019001,0.829308,-3.128443,-104.448647
55.210999,0.874346,-3.380356,-104.606339
55.403000,1.899506,-3.598007,-104.893990
55.616001,3.185771,-4.200999,-105.661758
55.807999,2.906098,-3.982223,-105.104309
56.021000,2.751314,-3.957966,-104.949524
56.213001,2.338493,-3.985867,-104.963226
56.404999,1.770573,-3.990909,-104.822098
56.618999,-0.381216,-3.465154,-105.216896
56.811001,-5.790839,-2.007080,-106.958427
57.002998,-9.699771,-1.075997,-108.214058
57.216000,-13.283900,-0.133485,-109.275452
57.408001,-13.903612,0.174831,-109.587883
57.620998,-13.691023,-0.476089,-109.988022
57.813000,-12.907543,-1.177347,-110.130249
58.005001,-13.000534,-1.624553,-110.437325
58.219002,-12.934827,-1.699790,-110.605469
58.410999,-13.065967,-1.894459,-110.885033
58.603001,-12.675415,-2.038534,-110.960060
58.816002,-12.208851,-2.118509,-111.055115
59.007999,-11.968642,-2.259581,-110.875732
59.200001,-11.968554,-2.276767,-110.717216
59.412998,-11.865952,-2.237704,-110.456146
59.605000,-11.772090,-2.189807,-110.288940
59.819000,-11.771960,-2.206709,-110.130188
60.011002,-11.706821,-2.300301,-110.138519
60.202999,-11.642105,-2.377139,-110.305534
60.416000,-11.568489,-2.478899,-110.219940
60.608002,-11.409758,-2.507533,-110.219330
60.820999,-11.344715,-2.601160,-110.227203
61.013000,-11.279675,-2.694803,-110.234962
61.205002,-11.288320,-2.687092,-110.328766
61.418999,-11.185920,-2.629824,-110.226372
61.611000,-11.027078,-2.658492,-110.225456
61.803001,-10.644143,-2.809577,-110.230576
62.015999,-9.896353,-2.886697,-109.870079
62.208000,-9.410997,-2.977268,-109.771255
62.400002,-9.315563,-2.925471,-109.604248
62.612999,-9.416984,-2.985107,-109.705666
62.805000,-9.445024,-3.144189,-109.719551
63.019001,-9.186255,-3.098843,-109.775146
63.210999,-9.214384,-3.257821,-109.788734
63.403000,-9.120698,-3.192378,-109.780830
63.616001,-9.063034,-3.280401,-109.880165
63.807999,-9.151265,-3.337824,-109.953552
64.021004,-8.832862,-3.394488,-109.948601
64.212997,-8.514309,-3.451146,-109.943321
64.404999,-8.130102,-3.601504,-109.942383
64.619003,-7.683588,-3.834034,-110.104050
64.810997,-7.237653,-4.067788,-110.263916
65.002998,-6.984007,-4.031419,-110.252647
65.216003,-6.918675,-4.125360,-110.256027
65.407997,-6.918675,-4.125360,-110.256027
65.621002,-6.820515,-4.070682,-110.089165
65.813004,-6.907274,-4.139292,-110.002403
66.004997,-6.649602,-4.112588,-109.831444
66.219002,-6.482800,-4.143686,-109.733376
66.411003,-6.159122,-4.209311,-109.565086
66.602997,-6.058419,-4.146092,-109.464386
66.816002,-5.999349,-4.237103,-109.560654
67.008003,-6.058419,-4.146092,-109.464386
67.221001,-5.905526,-4.171311,-109.553780
67.413002,-5.738961,-4.201341,-109.455559
67.605003,-5.645239,-4.135475,-109.448868
67.819000,-5.553705,-4.076117,-109.376160
68.011002,-5.706998,-4.050913,-109.286797
68.203003,-5.804992,-4.107871,-109.453247
68.416000,-5.807361,-4.114573,-109.387161
68.608002,-5.706998,-4.050913,-109.286797
68.800003,-5.547158,-4.078287,-109.282463
69.013000,-5.480949,-4.171697,-109.284576
69.205002,-5.414736,-4.265109,-109.286583
69.418999,-5.259571,-4.284145,-109.441750
69.611000,-5.254836,-4.292485,-109.281876
69.803001,-5.104509,-4.303593,-109.596802
70.015999,-4.202750,-3.791023,-109.863815
70.208000,-4.082158,-3.759553,-108.965286
70.400002,-3.815736,-3.520344,-107.295143
70.612999,-3.339656,-3.953118,-105.985413
70.805000,-3.126526,-4.629400,-106.409569
71.018997,-2.758347,-4.803505,-108.600494
71.210999,-2.656681,-4.803596,-109.929970
71.403000,-2.334033,-4.274658,-110.384933
71.615997,-1.614154,-4.250108,-108.957886
71.807999,-0.463280,-4.601797,-107.517097
72.021004,1.276804,-5.607743,-107.368103
72.212997,2.331281,-6.682699,-107.640236
72.404999,3.251659,-7.571205,-107.814514
72.619003,3.043574,-7.387332,-110.384102
72.810997,3.398155,-6.841612,-111.684372
73.002998,4.103117,-6.784232,-111.070816
73.216003,5.574786,-6.748723,-109.931816
73.407997,6.921064,-6.615061,-108.136551
73.621002,7.628399,-6.340970,-106.228127
73.813004,7.927921,-6.545159,-106.197266
74.004997,7.848836,-6.773699,-107.175537
74.219002,7.599192,-6.545772,-107.941299
74.411003,7.212455,-5.966214,-107.585808
74.602997,7.207269,-5.660875,-106.777077
74.816002,6.992894,-5.653854,-105.960434
75.008003,7.069589,-5.869465,-105.368721
75.221001,7.145564,-6.274223,-106.259163
75.413002,7.527580,-6.287459,-106.812386
75.605003,7.379867,-6.113586,-106.992584
75.819000,7.551171,-6.117930,-106.729759
76.011002,7.387956,-6.236727,-106.409180
76.203003,7.298567,-6.163422,-106.740410
76.416000,7.400538,-6.085915,-106.579132
76.608002,7.332005,-5.985168,-106.496910
76.800003,7.502313,-6.008094,-106.417953
77.013000,7.308714,-6.154484,-106.579643
77.205002,7.216873,-6.223054,-106.580261
77.418999,7.147903,-6.131734,-106.589745
77.611000,7.056036,-6.200301,-106.590446
77.803001,7.089450,-6.022448,-106.346535
78.015999,7.029549,-5.931794,-106.286636
78.208000,6.878858,-5.891928,-106.043755
78.400002,6.685906,-6.038118,-106.206078
78.612999,6.685906,-6.038118,-106.206078
78.805000,6.777564,-5.969243,-106.205315
79.018997,6.809484,-5.800845,-106.052773
79.210999,6.810016,-5.791935,-105.961266
79.403000,6.787969,-5.951957,-105.952866
79.615997,6.787969,-5.951957,-105.952866
79.807999,6.787969,-5.951957,-105.952866
80.021004,6.787296,-5.960944,-106.044380
80.212997,6.787296,-5.960944,-106.044380
80.404999,6.696502,-6.021005,-105.953590
80.619003,6.787969,-5.951957,-105.952866
80.810997,6.765127,-6.121027,-106.036049
81.002998,6.695718,-6.029961,-106.045120
81.216003,6.765127,-6.121027,-106.036049
81.407997,6.756013,-6.120204,-106.105415
81.621002,6.765127,-6.121027,-106.036049
81.813004,6.856695,-6.052006,-106.035286
82.004997,7.800163,-6.343498,-105.965279
82.219002,11.603254,-7.936374,-104.921295
82.411003,15.689214,-10.199337,-106.314415
82.602997,21.374161,-11.967458,-105.635712
82.816002,23.920921,-13.572714,-106.132538
83.008003,26.028387,-14.027183,-108.573669
83.221001,22.149755,-13.581708,-115.301155
83.413002,15.701411,-11.476280,-125.906189
83.605003,4.602547,-6.286835,-126.257454
83.819000,-3.958176,-3.334313,-125.394417
84.011002,-4.139773,-1.747887,-122.521965
84.203003,-4.779543,-0.858816,-121.058022
84.416000,-5.803500,1.039018,-126.098473
84.608002,-0.774943,2.518182,-145.794357
84.800003,2.913719,2.093154,-161.750443
85.013000,4.963140,-0.340298,-171.952881
85.205002,3.846030,-5.149393,-176.153976
85.418999,2.793635,-9.050181,-179.548996
85.611000,3.144326,-9.171354,-179.517639
85.803001,3.182509,-9.003250,-177.563660
86.015999,1.689990,-6.337273,-160.189560
86.208000,-0.637049,-4.413732,-144.605103
86.400002,-4.775968,-2.033791,-121.206856
86.612999,-7.875031,-3.093791,-105.692123
86.805000,-8.240469,-3.542660,-100.835442
87.018997,-9.923952,-4.634897,-99.612144
87.210999,-9.928083,-5.473543,-101.321693
87.403000,-9.708187,-5.897533,-102.408501
87.615997,-8.214259,-5.186411,-101.939507
87.807999,-7.542498,-4.571782,-101.132072
88.021004,-7.554985,-4.362961,-101.855042
88.212997,-7.682509,-4.549705,-102.519333
88.404999,-7.364531,-4.760196,-102.269257
88.619003,-7.052165,-4.796344,-100.787521
88.810997,-6.486033,-5.142811,-98.428078
89.002998,-6.816757,-6.682167,-96.663353
89.216003,-6.027234,-6.520938,-95.873627
89.407997,-5.843339,-7.072565,-96.378448
89.621002,-5.335561,-6.977278,-97.402115
89.813004,-5.407008,-6.552186,-97.710815
90.004997,-5.532476,-6.763072,-98.214729
90.219002,-5.555292,-6.576601,-98.780205
90.411003,-5.305524,-6.515221,-98.762970
90.602997,-5.156571,-6.680759,-98.836960
90.816002,-5.169541,-6.841789,-98.845009
91.008003,-4.994413,-6.693618,-98.828041
91.221001,-4.616593,-6.968322,-98.904114
91.413002,-4.180777,-6.799412,-100.005051
91.605003,-3.735687,-6.354269,-102.816093
91.819000,-3.392938,-6.625113,-103.378944
92.011002,-3.134751,-6.743331,-102.954742
92.203003,-2.811287,-6.780274,-102.936584
92.416000,-2.531969,-6.571527,-102.754044
92.608002,-2.388444,-6.750409,-102.749542
92.800003,-2.630985,-6.638064,-102.922623
93.013000,-2.728118,-6.711225,-103.019760
93.205002,-2.801618,-6.614659,-103.093262
93.418999,-2.801618,-6.614659,-103.093262
93.611000,-2.963282,-6.595987,-103.102127
93.803001,-2.963282,-6.595987,-103.102127
94.015999,-3.034700,-6.506349,-103.103859
94.208000,-3.140839,-6.573456,-103.362915
94.400002,-3.253553,-6.462570,-104.101440
94.612999,-3.253553,-6.462570,-104.101440
94.805000,-3.273801,-6.623035,-104.107185
95.018997,-3.435319,-6.602900,-104.115936
95.210999,-3.273801,-6.623035,-104.107185
95.403000,-3.103419,-6.648646,-103.936806
95.615997,-3.174211,-6.558446,-103.938416
95.807999,-3.406544,-6.448340,-103.948456
96.021004,-3.749682,-6.568956,-103.971764
96.212997,-4.010653,-6.612440,-104.149490
96.404999,-4.019269,-6.605662,-104.310905
96.619003,-4.019269,-6.605662,-104.310905
96.810997,-4.010653,-6.612440,-104.149490
97.002998,-3.769793,-6.729406,-103.978218
97.216003,-3.608235,-6.749377,-103.969337
97.407997,-3.608235,-6.749377,-103.969337
97.621002,-3.670189,-6.665457,-103.809029
97.813004,-3.608235,-6.749377,-103.969337
98.004997,-3.608235,-6.749377,-103.969337
98.219002,-3.608235,-6.749377,-103.969337
98.411003,-3.678964,-6.659170,-103.970604
98.602997,-3.699074,-6.819611,-103.976974
98.816002,-3.636073,-6.911203,-104.066536
99.008003,-3.636073,-6.911203,-104.066536
99.221001,-3.608235,-6.749377,-103.969337
99.413002,-3.600659,-6.748057,-103.878563
99.605003,-3.690074,-6.825954,-103.815376
99.819000,-3.599319,-6.755581,-103.807739
100.011002,-3.599319,-6.755581,-103.807739
100.203003,-3.508574,-6.685186,-103.800217
100.416000,-3.528437,-6.845697,-103.806335
100.608002,-3.608235,-6.749377,-103.969337
100.800003,-3.528437,-6.845697,-103.806335
101.013000,-1.398880,-6.769491,-103.910072
101.205002,0.400471,-6.509899,-104.468964
101.418999,0.238847,-6.489534,-104.478203
101.611000,-1.007414,-6.570990,-104.619827
101.803001,-1.448591,-6.762797,-104.738411
102.015999,-1.439303,-6.766039,-104.576828
102.208000,-1.250887,-6.623109,-104.473389
102.400002,-1.080185,-6.646266,-104.302689
102.612999,-1.247795,-6.629108,-104.402885
102.805000,-1.221378,-6.465523,-104.308952
103.018997,-1.201007,-6.304992,-104.306114
103.210999,-1.291956,-6.375136,-104.311920
103.403000,-1.215495,-6.462519,-104.218048
103.615997,-1.221378,-6.465523,-104.308952
103.807999,-1.221378,-6.465523,-104.308952
104.021004,-1.286102,-6.372243,-104.221016
104.212997,-1.382917,-6.445264,-104.317833
104.404999,-1.221378,-6.465523,-104.308952
104.619003,-1.312344,-6.535651,-104.314903
104.810997,-1.312344,-6.535651,-104.314903
105.002998,-1.312344,-6.535651,-104.314903
105.216003,-1.403323,-6.605763,-104.320953
105.407997,-1.306350,-6.532675,-104.223976
105.621002,-1.464949,-6.518577,-104.162292
105.813004,-1.464949,-6.518577,-104.162292
106.004997,-1.403323,-6.605763,-104.320953
106.219002,-1.394241,-6.608880,-104.159370
106.411003,-1.394241,-6.608880,-104.159370
106.602997,-1.403323,-6.605763,-104.320953
106.816002,-1.494314,-6.675859,-104.327126
107.008003,-1.403323,-6.605763,-104.320953
107.221001,-1.555850,-6.588814,-104.168427
107.413002,-1.555850,-6.588814,-104.168427
107.605003,-1.655871,-6.655554,-104.336258
107.819000,-1.646764,-6.659035,-104.174675
108.011002,-1.711179,-6.566039,-104.086571
108.203003,-1.702205,-6.569561,-103.925041
108.416000,-1.602592,-6.502529,-103.757256
108.608002,-1.622225,-6.663090,-103.760651
108.800003,-1.622225,-6.663090,-103.760651
109.013000,-1.531592,-6.592562,-103.754433
109.205002,-1.531592,-6.592562,-103.754433
109.418999,-1.613084,-6.666479,-103.598984
109.611000,-1.854831,-6.553530,-103.772415
109.803001,-1.936446,-6.627864,-103.617165
110.015999,-1.845887,-6.557228,-103.610779
110.208000,-1.845887,-6.557228,-103.610779
110.400002,-1.774772,-6.647184,-103.608101
110.612999,-1.774772,-6.647184,-103.608101
110.805000,-1.774772,-6.647184,-103.608101
111.018997,-1.774772,-6.647184,-103.608101
111.210999,-1.774772,-6.647184,-103.608101
111.403000,-1.765674,-6.650772,-103.446388
111.615997,-1.865337,-6.717818,-103.614517
111.807999,-1.865337,-6.717818,-103.614517
112.021004,-1.774772,-6.647184,-103.608101
112.212997,-1.936446,-6.627864,-103.617165
112.404999,-1.927402,-6.631676,-103.455467
112.619003,-1.936446,-6.627864,-103.617165
112.810997,-1.865337,-6.717818,-103.614517
113.002998,-1.865337,-6.717818,-103.614517
113.216003,-1.865337,-6.717818,-103.614517
113.407997,-1.856154,-6.721545,-103.452797
113.621002,-1.836929,-6.560902,-103.449089
113.813004,-1.765674,-6.650772,-103.446388
114.004997,-1.765674,-6.650772,-103.446388
114.219002,-1.765674,-6.650772,-103.446388
114.411003,-1.765674,-6.650772,-103.446388
114.602997,-1.927402,-6.631676,-103.455467
114.816002,-1.911919,-6.632848,-103.203384
115.008003,-1.909275,-6.639229,-103.131920
115.221001,-1.900191,-6.642969,-102.970055
115.413002,-1.803673,-6.569098,-102.873535
115.605003,-1.809976,-6.571779,-102.963692
115.819000,-1.803673,-6.569098,-102.873535
116.011002,-1.831299,-6.726179,-103.038956
116.203003,-1.803673,-6.569098,-102.873535
116.416000,-1.803673,-6.569098,-102.873535
116.608002,-1.803673,-6.569098,-102.873535
116.800003,-1.731971,-6.658598,-102.870773
117.013000,-1.828523,-6.732580,-102.967331
117.205002,-1.738301,-6.661391,-102.960938
117.418999,-1.831299,-6.726179,-103.038956
117.611000,-1.828523,-6.732580,-102.967331
117.803001,-1.993056,-6.707655,-103.048141
118.015999,-2.018402,-6.870976,-103.142349
118.208000,-2.089917,-6.781280,-103.144997
118.400002,-2.089917,-6.781280,-103.144997
118.612999,-2.062069,-6.624522,-102.979126
118.805000,-2.154799,-6.689105,-103.057274
119.018997,-1.993056,-6.707655,-103.048141
119.210999,-2.062069,-6.624522,-102.979126
119.403000,-2.064592,-6.618060,-103.050713
119.615997,-1.965458,-6.550805,-102.882507
119.807999,-2.055566,-6.622006,-102.888947
120.021004,-2.062069,-6.624522,-102.979126
120.212997,-2.152302,-6.695678,-102.985687
120.404999,-2.154799,-6.689105,-103.057274
120.619003,-2.152302,-6.695678,-102.985687
120.810997,-2.145686,-6.693189,-102.895500
121.002998,-2.145686,-6.693189,-102.895500
121.216003,-2.145686,-6.693189,-102.895500
121.407997,-2.136559,-6.697248,-102.733688
121.621002,-2.046526,-6.625927,-102.727142
121.813004,-2.046526,-6.625927,-102.727142
122.004997,-2.064751,-6.786668,-102.731102
122.219002,-2.071388,-6.789289,-102.821205
122.411003,-2.164157,-6.853861,-102.899628
122.602997,-2.154804,-6.857971,-102.737785
122.816002,-2.164157,-6.853861,-102.899628
123.008003,-2.092483,-6.943357,-102.896973
123.221001,-2.092483,-6.943357,-102.896973
123.413002,-2.254309,-6.925007,-102.906433
123.605003,-2.251733,-6.931823,-102.834717
123.819000,-2.244870,-6.929255,-102.744591
124.011002,-2.170354,-7.025499,-102.670074
124.203003,-2.263149,-7.089929,-102.748878
124.416000,-2.163470,-7.022799,-102.580025
124.608002,-2.101245,-7.108063,-102.739182
124.800003,-2.163470,-7.022799,-102.580025
125.013000,-2.191338,-7.179327,-102.746147
125.205002,-2.098421,-7.114923,-102.667297
125.418999,-2.191338,-7.179327,-102.746147
125.611000,-2.126569,-7.271592,-102.833466
125.803001,-2.054757,-7.361082,-102.830513
126.015999,-1.892703,-7.379326,-102.820389
126.208000,-1.820856,-7.468795,-102.817177
126.400002,-1.993163,-7.446590,-102.989487
126.612999,-1.982931,-7.450561,-102.827446
126.805000,-1.964535,-7.289846,-102.823479
127.018997,-1.867473,-7.215550,-102.726418
127.210999,-1.957567,-7.286831,-102.733322
127.403000,-2.057760,-7.354056,-102.902267
127.615997,-2.054757,-7.361082,-102.830513
127.807999,-1.957567,-7.286831,-102.733322
128.020996,-2.054757,-7.361082,-102.830513
128.212997,-1.982931,-7.450561,-102.827446
128.404999,-2.155169,-7.428103,-102.999687
128.619003,-2.074924,-7.352938,-103.154503
128.811005,-2.004465,-7.274004,-103.471214
129.003006,-2.271321,-7.559432,-104.480690
129.216003,-1.947799,-7.600543,-104.460014
129.408005,-2.144500,-8.385267,-105.727821
129.600006,-1.341109,-7.179457,-106.045868
129.813004,-0.685464,-7.272362,-105.844482
130.005005,-0.152768,-7.845923,-106.477486
130.218994,0.350572,-6.925293,-105.779709
130.410995,1.288990,-7.273576,-104.409813
130.602997,1.143331,-8.247839,-104.752350
130.815994,1.399065,-8.875235,-105.714691
131.007996,0.904091,-8.749178,-107.064713
131.220993,0.889896,-8.331855,-106.976624
131.412994,1.139965,-8.030402,-106.386986
131.604996,0.603212,-8.027017,-105.850235
131.819000,0.249982,-7.889877,-105.300880
132.011002,0.018168,-7.777448,-105.316887
132.203003,-0.032042,-7.776098,-106.055618
132.416000,0.119388,-7.891336,-107.193855
132.608002,-0.053784,-7.957990,-108.354301
132.800003,-0.084460,-7.799891,-109.184128
133.013000,-0.250072,-7.607040,-109.675224
133.205002,-0.473467,-7.741694,-110.198563
133.419006,-0.671397,-7.460239,-110.210304
133.610992,-0.710520,-7.368392,-109.798241
133.802994,-0.732001,-7.523991,-109.706726
134.016006,-0.600230,-7.462337,-109.123947
134.207993,-0.418582,-7.493913,-108.791832
134.421005,-0.359030,-7.330763,-108.280495
134.613007,-0.208689,-7.269333,-107.375931
134.804993,-0.222921,-7.431110,-107.216568
135.018997,-0.340689,-7.404759,-106.557770
135.210999,-0.433112,-7.473087,-106.564003
135.403000,-0.439415,-7.477201,-106.656494
135.615997,-0.512225,-7.632260,-107.396843
135.807999,-0.601458,-7.535196,-107.723236
136.020996,-0.448455,-7.403956,-108.219200
136.212997,-0.526218,-7.308888,-108.384171
136.404999,-0.475409,-7.403271,-108.634865
136.619003,-0.469074,-7.399336,-108.541191
136.811005,-0.469074,-7.399336,-108.541191
137.003006,-0.458770,-7.401660,-108.380234
137.216003,-0.469074,-7.399336,-108.541191
137.408005,-0.495391,-7.558906,-108.543587
137.600006,-0.552322,-7.468544,-108.386604
137.813004,-0.552322,-7.468544,-108.386604
138.005005,-0.541932,-7.470986,-108.225563
138.218994,-0.525124,-7.469439,-107.971085
138.410995,-0.514721,-7.471805,-107.809975
138.602997,-0.394557,-7.404745,-107.388206
138.815994,-0.477083,-7.474691,-107.233253
139.007996,-0.553013,-7.540846,-106.985565
139.220993,-0.559460,-7.544882,-107.078339
139.412994,-0.501574,-7.634592,-107.235558
139.604996,-0.408675,-7.566780,-107.229118
139.819000,-0.594487,-7.702387,-107.242111
140.011002,-0.470739,-7.470640,-107.140427
140.203003,-0.569976,-7.542503,-107.239662
140.416000,-0.569976,-7.542503,-107.239662
140.608002,-0.569976,-7.542503,-107.239662
140.800003,-0.569976,-7.542503,-107.239662
141.013000,-0.512225,-7.632260,-107.396843
141.205002,-0.512225,-7.632260,-107.396843
141.419006,-0.605215,-7.699911,-107.403404
141.610992,-0.569976,-7.542503,-107.239662
141.802994,-0.477083,-7.474691,-107.233253
142.016006,-0.569976,-7.542503,-107.239662
142.207993,-0.569976,-7.542503,-107.239662
142.421005,-0.666890,-7.603785,-107.314522
142.613007,-0.569976,-7.542503,-107.239662
142.804993,-0.569976,-7.542503,-107.239662
143.018997,-0.501574,-7.634592,-107.235558
143.210999,-0.375669,-7.816548,-107.388344
143.403000,-0.468670,-7.884198,-107.394974
143.615997,-1.181950,-7.693812,-107.442154
143.807999,-1.411328,-7.576959,-107.456139
144.020996,-1.479475,-7.484731,-107.459450
144.212997,-1.318300,-7.509392,-107.449196
144.404999,-1.250132,-7.601608,-107.445732
144.619003,-1.250132,-7.601608,-107.445732
144.811005,-1.146739,-7.537238,-107.277634
145.003006,-1.078404,-7.629367,-107.274002
145.216003,-1.078404,-7.629367,-107.274002
145.408005,-0.948607,-7.817453,-107.359413
145.600006,-0.941691,-7.813583,-107.266403
145.813004,-0.952502,-7.810598,-107.427696
146.005005,-0.557386,-7.958568,-107.333374
146.218994,1.865940,-8.479502,-106.834747
146.410995,2.836347,-8.619679,-106.759285
146.602997,2.952463,-8.391411,-106.756447
146.815994,3.020256,-8.328058,-107.074661
147.007996,2.897456,-8.407994,-107.495590
147.220993,2.791941,-8.322277,-107.987022
147.412994,2.650866,-8.144624,-108.094521
147.604996,2.370517,-7.926426,-107.865471
147.819000,2.011038,-8.037377,-108.048882
148.011002,2.047992,-7.876615,-107.888718
148.203003,1.849816,-8.012207,-108.060623
148.416000,1.805049,-7.918264,-107.744270
148.608002,1.765032,-7.818425,-107.334641
148.800003,1.919069,-7.995224,-107.067963
149.013000,1.780894,-7.969788,-106.756660
149.205002,1.711937,-7.878093,-106.762840
149.419006,1.711937,-7.878093,-106.762840
149.610992,1.642995,-7.786378,-106.768913
149.802994,1.619350,-7.946385,-106.768250
150.016006,1.711937,-7.878093,-106.762840
150.207993,1.711937,-7.878093,-106.762840
150.421005,1.682110,-8.032640,-106.831009
150.613007,1.619350,-7.946385,-106.768250
150.804993,1.515114,-8.015128,-106.935295
151.018997,1.583923,-8.106902,-106.929192
151.210999,1.491223,-8.175026,-106.934875
151.403000,1.422416,-8.083250,-106.940933
151.615997,1.688306,-8.038081,-106.762100
151.807999,1.688306,-8.038081,-106.762100
152.000000,1.589538,-8.100811,-106.836563
152.212997,1.491223,-8.175026,-106.934875
152.404999,1.595701,-8.106362,-106.767654
152.619003,1.532313,-8.008664,-106.681206
152.811005,1.526746,-8.014665,-106.773766
153.003006,1.595701,-8.106362,-106.767654
153.216003,1.526746,-8.014665,-106.773766
153.408005,1.526746,-8.014665,-106.773766
153.600006,1.526746,-8.014665,-106.773766
153.813004,1.434126,-8.082932,-106.779404
154.005005,1.434126,-8.082932,-106.779404
154.218994,1.365190,-7.991214,-106.785370
154.410995,1.520696,-8.009145,-106.842659
154.602997,1.520696,-8.009145,-106.842659
154.815994,1.434126,-8.082932,-106.779404
155.007996,1.434126,-8.082932,-106.779404
155.220993,1.422416,-8.083250,-106.940933
155.412994,1.422416,-8.083250,-106.940933
155.604996,1.422416,-8.083250,-106.940933
155.819000,1.422416,-8.083250,-106.940933
156.011002,1.329701,-8.151359,-106.946693
156.203003,1.329701,-8.151359,-106.946693
156.416000,1.138175,-8.293378,-107.051353
156.608002,1.305772,-8.311232,-106.946571
156.800003,1.329701,-8.151359,-106.946693
157.013000,1.329701,-8.151359,-106.946693
157.205002,1.329701,-8.151359,-106.946693
157.419006,1.329701,-8.151359,-106.946693
157.610992,1.329701,-8.151359,-106.946693
157.802994,1.260912,-8.059563,-106.952614
158.016006,1.329701,-8.151359,-106.946693
158.207993,1.329701,-8.151359,-106.946693
158.421005,1.168183,-8.127658,-106.958450
158.613007,1.260912,-8.059563,-106.952614
158.804993,1.168183,-8.127658,-106.958450
159.018997,1.105262,-8.030181,-106.871544
159.210999,1.260912,-8.059563,-106.952614
159.403000,1.260912,-8.059563,-106.952614
159.615997,1.266684,-8.053759,-106.859947
159.807999,1.329701,-8.151359,-106.946693
160.000000,1.434126,-8.082932,-106.779404
160.212997,2.069097,-8.335198,-106.569160
160.404999,2.566003,-8.987006,-98.832687
160.619003,2.501154,-9.147057,-85.166710
160.811005,0.778988,-10.121780,-76.639664
161.003006,0.269110,-10.234239,-71.506088
161.216003,2.272516,-8.549278,-57.124416
161.408005,3.330506,-5.310571,-46.709908
161.600006,3.635361,-2.713195,-41.173641
161.813004,3.550822,-1.674774,-37.071899
162.005005,4.083328,-1.159783,-34.796741
162.218994,4.704108,-1.093082,-34.320862
162.410995,5.385674,-1.212745,-34.890484
162.602997,5.606124,-1.289093,-35.028339
162.815994,5.568893,-1.005996,-34.426434
163.007996,4.649324,-2.793728,-35.087418
163.220993,3.293765,-5.251127,-37.844002
163.412994,2.124434,-6.881378,-40.191574
163.604996,1.210566,-7.672356,-44.310593
163.819000,-2.350872,-3.844665,-77.488060
164.011002,-3.973204,-1.478737,-101.335381
164.203003,-5.447843,-0.451080,-104.492752
164.416000,-6.624513,-0.052214,-104.565018
164.608002,-6.004940,-0.264810,-105.149559
164.800003,-5.617188,-0.378324,-105.567169
165.013000,-5.176035,-0.768829,-105.492027
165.205002,-4.872410,-0.990302,-105.086739
165.419006,-4.591937,-1.367281,-104.777748
165.610992,-4.528373,-1.442103,-105.192688
165.802994,-4.341547,-1.311996,-104.933525
166.016006,-4.424245,-1.960757,-104.798676
166.207993,-4.267525,-1.969032,-105.117981
166.421005,-4.358522,-2.038568,-105.122192
166.613007,-4.571406,-2.322145,-105.549973
166.804993,-9.626790,-1.887906,-109.524834
167.018997,-18.383995,0.589681,-115.069069
167.210999,-23.302999,1.938338,-114.621979
167.403000,-25.371794,2.068079,-113.555649
167.615997,-25.095736,2.399143,-112.281189
167.807999,-25.016832,2.774154,-111.026871
168.000000,-25.176449,2.599826,-110.118118
168.212997,-25.327711,2.770137,-110.009430
168.404999,-25.080250,2.808146,-110.007248
168.619003,-24.986771,2.817081,-109.747673
168.811005,-25.056883,2.762517,-109.074951
169.003006,-24.716311,2.812840,-108.813042
169.216003,-24.600538,3.034850,-108.767586
169.408005,-24.507771,3.045834,-108.508461
169.600006,-24.248741,3.065937,-108.415787
169.813004,-23.832952,3.062100,-108.332779
170.005005,-23.417017,3.058862,-108.249725
170.218994,-23.656921,3.101937,-108.656097
170.410995,-23.708109,3.317126,-108.446114
170.602997,-23.215036,3.202438,-108.293884
170.815994,-20.620121,1.977639,-106.249779
171.007996,-17.803856,1.192987,-102.312263
171.220993,-15.779832,0.691145,-100.885735
171.412994,-14.761273,0.148492,-100.621208
171.604996,-13.661305,-0.380556,-101.158295
171.819000,-12.543165,-0.589574,-101.737328
172.011002,-11.578913,-0.639953,-102.223587
172.203003,-11.161869,-0.611202,-102.128860
172.416000,-11.090256,-0.699942,-102.137093
172.608002,-10.625813,-0.896821,-102.314407
172.800003,-10.179784,-1.226723,-102.825584
173.013000,-9.139681,-1.405419,-103.061966
173.205002,-6.004420,-2.379171,-103.791008
173.419006,-1.835625,-3.610515,-104.116852
173.610992,-0.244203,-4.131868,-103.494774
173.802994,0.475930,-4.139863,-103.880859
174.016006,0.147791,-4.100247,-104.053703
174.207993,-0.067135,-3.831762,-104.151665
174.421005,-0.295744,-3.719340,-104.068596
174.613007,-0.456813,-3.699486,-104.073746
174.804993,-0.550619,-3.771802,-104.167557
175.018997,-0.869429,-3.730149,-104.087311
175.210999,-1.034051,-3.711711,-104.182930
175.403000,-1.215292,-3.852435,-104.190292
175.615997,-1.054149,-3.872498,-104.185059
175.807999,-1.054149,-3.872498,-104.185059
176.000000,-1.352567,-3.670392,-104.102333
176.212997,-1.276968,-3.763155,-103.940018
176.404999,-1.372551,-3.831087,-104.104904
176.619003,-1.426731,-2.608040,-112.461624
176.811005,-0.902434,-1.189820,-139.299454
177.003006,-0.597129,-1.748405,-158.220749
177.216003,0.558557,-4.089062,-164.449722
177.408005,-0.897803,-5.289194,-159.288193
177.600006,-2.408948,-7.234523,-129.230560
177.813004,-2.587941,-8.090908,-112.261055
178.005005,-0.924725,-7.570680,-103.908081
178.218994,-1.201196,-7.721921,-98.130753
178.410995,-0.683620,-8.081414,-97.363091
178.602997,-0.472613,-8.260187,-96.538025
178.815994,0.547199,-7.992060,-96.141113
179.007996,0.878812,-8.003216,-96.032394
179.220993,1.204800,-8.019986,-96.009407
179.412994,1.451662,-8.118226,-95.914009
179.604996,1.774731,-8.289161,-95.803047
179.819000,1.697251,-8.204475,-95.809929
180.011002,1.526075,-8.357805,-95.820152
180.203003,1.435107,-8.441161,-95.911118
180.416000,1.173907,-8.510593,-96.091995
180.608002,1.173907,-8.510593,-96.091995
180.800003,1.102178,-8.419208,-96.012741
181.013000,0.995353,-8.342236,-96.431305
181.205002,0.974084,-8.504307,-96.593704
181.419006,0.805089,-8.501347,-96.692177
181.610992,0.866012,-8.742175,-96.762138
181.802994,1.041733,-8.750852,-96.586418
182.016006,1.041733,-8.750852,-96.586418
182.207993,0.989673,-8.664241,-96.266655
182.421005,0.903645,-8.740544,-96.272568
182.613007,0.641731,-8.808275,-96.454468
182.804993,-0.274795,-8.356925,-97.096680
183.018997,-6.155394,-6.934125,-98.834068
183.210999,-10.235973,-5.867231,-100.235977
183.403000,-7.140473,-6.327590,-101.063835
183.615997,0.874109,-7.840155,-102.225899
183.807999,4.467602,-8.338440,-102.713768
184.000000,5.786932,-7.862248,-103.287537
184.212997,5.541399,-7.761338,-103.470711
184.404999,5.150656,-7.489242,-103.761459
184.619003,4.539939,-7.389992,-103.230804
184.811005,4.302547,-8.003637,-91.244003
185.003006,4.729334,-7.444074,-78.788391
185.216003,6.685747,-7.476128,-60.365444
185.408005,8.015558,-4.873646,-47.081589
185.600006,9.903355,-0.263485,-43.686745
185.813004,10.584308,1.473600,-43.376156
186.005005,10.099946,-0.184102,-44.718967
186.218994,8.762086,-1.630635,-44.822945
186.410995,7.946162,-2.712648,-45.484440
186.602997,7.708165,-2.393223,-45.873875
186.815994,7.537879,-2.216143,-46.145557
187.007996,8.209288,-1.526939,-46.438496
187.220993,9.169738,-0.508346,-47.277233
187.412994,9.261633,-0.319753,-47.548862
187.604996,8.945054,-0.229680,-48.175457
187.819000,8.408943,-1.174614,-48.830078
188.011002,7.698886,-2.243283,-50.563251
188.203003,6.946709,-3.557927,-54.198685
188.416000,4.947593,-4.121164,-71.404152
188.608002,3.701778,-4.265979,-86.454552
188.800003,3.260309,-4.183768,-91.745972
189.013000,1.551724,-4.193361,-94.161369
189.205002,-0.440987,-3.718065,-93.584000
189.419006,-1.076804,-3.535664,-93.357323
189.610992,-1.478984,-3.770931,-93.048630
189.802994,-1.644291,-4.092738,-92.896606
190.016006,-2.054784,-4.329532,-92.836433
190.207993,-1.584306,-4.498961,-93.145409
190.421005,-0.871135,-4.593395,-93.521080
190.613007,-0.476748,-4.851516,-93.589882
190.804993,0.335480,-4.876777,-93.555397
191.018997,0.817859,-5.053541,-93.533592
191.210999,0.741454,-5.131160,-93.374306
191.403000,0.578963,-5.126430,-93.381607
191.615997,0.669772,-5.047139,-93.215836
191.807999,0.672987,-5.043187,-93.132385
192.000000,0.597856,-4.963304,-93.057259
192.212997,0.438667,-4.955283,-92.980965
192.404999,0.442413,-4.958573,-92.901802
192.619003,0.355368,-5.034078,-92.984322
192.811005,0.431040,-5.120889,-93.063896
193.003006,0.431040,-5.120889,-93.063896
193.216003,0.431040,-5.120889,-93.063896
193.408005,0.510145,-5.203969,-93.059982
193.600006,0.589260,-5.287038,-93.055962
193.813004,0.593557,-5.125181,-93.056602
194.005005,0.506184,-5.200544,-93.139038
194.218994,0.668385,-5.370094,-93.051826
194.410995,0.806161,-5.699818,-93.367393
194.602997,0.885089,-5.783041,-93.362816
194.815994,1.052351,-5.625958,-93.355820
195.007996,1.618952,-5.723020,-93.326599
195.220993,3.586603,-5.899682,-94.441750
195.412994,4.564892,-6.518571,-98.437668
195.604996,5.139722,-7.210158,-101.638695
195.819000,4.839001,-7.741908,-103.035065
196.011002,4.027871,-8.383731,-103.067352
196.203003,3.619031,-8.262157,-103.262665
196.416000,3.703345,-8.347725,-103.092331
196.608002,3.954463,-8.442490,-102.819122
196.800003,4.069481,-8.362287,-102.490479
197.013000,3.936086,-8.328377,-102.088600
197.205002,4.197549,-8.611398,-100.352463
197.419006,4.056653,-8.616605,-98.890724
197.610992,4.140870,-8.707066,-98.806511
197.802994,4.040342,-8.786374,-98.973549
198.016006,4.031483,-8.782317,-99.048813
198.207993,3.939586,-8.865370,-99.140709
198.421005,3.776593,-8.852909,-99.153770
198.613007,3.793427,-8.683334,-99.070412
198.804993,3.701420,-8.766130,-99.162415
199.018997,3.793427,-8.683334,-99.070412
199.210999,3.701420,-8.766130,-99.162415
199.403000,3.626264,-8.679325,-99.170944
199.615997,3.705597,-8.600889,-99.241783
199.807999,3.617801,-8.675066,-99.246033
200.000000,3.793427,-8.683334,-99.070412
200.212997,3.701420,-8.766130,-99.162415
200.404999,3.701420,-8.766130,-99.162415
200.619003,3.613592,-8.840411,-99.166801
200.811005,3.618022,-8.831945,-99.079018
201.003006,3.701909,-8.922995,-98.995132
201.216003,3.706333,-8.914401,-98.907455
201.408005,3.706333,-8.914401,-98.907455
201.600006,3.631004,-8.827829,-98.916092
201.813004,3.731491,-8.749112,-98.748817
202.005005,3.643977,-8.823677,-98.753136
202.218994,3.643977,-8.823677,-98.753136
202.410995,3.643977,-8.823677,-98.753136
202.602997,3.568534,-8.737177,-98.761673
202.815994,3.648342,-8.815186,-98.665672
203.007996,3.643977,-8.823677,-98.753136
203.220993,3.656941,-8.819487,-98.590141
203.412994,3.668785,-8.658389,-98.594421
203.604996,3.668785,-8.658389,-98.594421
203.819000,3.668785,-8.658389,-98.594421
204.011002,3.581365,-8.733084,-98.598694
204.203003,3.581365,-8.733084,-98.598694
204.416000,3.681508,-8.654128,-98.431427
204.608002,3.668785,-8.658389,-98.594421
204.800003,3.831752,-8.670084,-98.581680
205.013000,5.018108,-8.858894,-98.895111
205.205002,6.173000,-8.926610,-99.788620
205.419006,7.746756,-8.812934,-101.884697
205.610992,8.605143,-8.892800,-103.630188
205.802994,8.796025,-8.332741,-105.456940
206.016006,3.863273,-5.558906,-108.483467
206.207993,1.588143,-4.064632,-109.987778
206.421005,0.204060,-3.650215,-109.211281
206.613007,-0.977790,-3.868701,-106.705841
206.804993,-2.359847,-4.096577,-105.541687
207.018997,-3.400782,-4.044717,-105.164726
207.210999,-4.351100,-3.935842,-104.711571
207.403000,-5.499049,-3.581958,-103.838295
207.615997,-9.244236,-3.358300,-102.000198
207.807999,-13.231002,-3.212743,-99.683189
208.000000,-15.806702,-3.159326,-98.545799
208.212997,-17.491058,-2.928186,-97.674866
208.404999,-17.413761,-3.137231,-95.238792
208.619003,-17.619041,-3.270201,-93.789474
208.811005,-17.535898,-3.193174,-93.775154
209.003006,-17.458282,-3.397201,-94.047806
209.216003,-17.228983,-3.437945,-94.374794
209.408005,-16.991909,-3.528241,-94.381020
209.600006,-16.898224,-3.437673,-94.443718
209.813004,-16.665161,-3.504458,-94.610100
210.005005,-16.588556,-3.588093,-94.619911
210.218994,-16.500729,-3.535040,-94.445663
210.410995,-16.661167,-3.528101,-94.449707
210.602997,-16.682137,-3.678467,-94.557175
210.815994,-16.854183,-3.807503,-94.745796
211.007996,-16.942535,-3.859745,-94.920418
211.220993,-17.098492,-3.876345,-94.764465
211.412994,-17.028854,-3.790137,-94.834099
211.604996,-16.942535,-3.859745,-94.920418
211.819000,-16.866192,-3.943606,-94.930237
212.011002,-16.866192,-3.943606,-94.930237
212.203003,-16.870657,-3.919632,-95.090645
212.416000,-16.710228,-3.927555,-95.086197
212.608002,-16.540173,-3.921479,-95.157974
212.800003,-16.295490,-3.853412,-95.139671
213.013000,-15.804625,-3.863794,-95.202766
213.205002,-15.728360,-3.947926,-95.211784
213.419006,-15.812706,-4.023993,-95.225319
213.610992,-14.990553,-4.478927,-94.516891
213.802994,-12.836175,-5.361488,-93.135086
214.016006,-11.195058,-5.506056,-94.534859
214.207993,-7.649441,-5.897528,-97.957893
214.421005,-2.433124,-6.504674,-102.585541
214.613007,-0.613863,-6.627154,-106.158012
214.804993,1.408247,-6.940545,-107.277275
215.018997,4.619132,-7.722850,-106.568787
215.210999,7.686474,-8.032294,-106.778603
215.403000,10.696840,-7.692435,-106.969551
215.615997,12.478988,-7.043202,-106.112846
215.807999,17.414644,-7.519221,-105.502068
216.000000,25.325344,-8.712892,-104.840904
216.212997,34.169056,-10.068519,-103.543404
216.404999,40.658070,-11.021633,-102.804184
216.619003,41.015942,-14.042936,-109.564964
216.811005,33.527622,-15.029118,-115.899475
217.003006,39.424423,-20.958038,-120.115379
217.216003,35.014343,-18.766052,-120.684769
217.408005,20.005592,-13.394864,-115.739632
217.600006,6.745214,-8.220545,-113.698555
217.813004,-3.006614,-2.297549,-108.705101
218.005005,-9.883169,0.664501,-103.305229
218.218994,-13.887845,2.367289,-100.661926
218.410995,-14.618889,4.952570,-99.190468
218.602997,-15.315323,4.735484,-98.373749
218.815994,-13.367398,4.564387,-98.212143
219.007996,-10.419543,4.781293,-97.711823
219.220993,-9.406916,3.992255,-97.894798
219.412994,-8.669294,2.453914,-99.746407
219.604996,-8.512492,1.296312,-100.807297
219.819000,-8.095864,1.448068,-100.065727
220.011002,-8.000165,0.691172,-101.017181
220.203003,-7.700703,-0.251992,-103.199463
220.416000,-7.655410,-0.366035,-105.251328
220.608002,-7.710540,-0.004130,-106.881012
220.800003,-7.136418,1.077851,-108.443649
221.013000,-6.782826,1.238064,-106.622978
221.205002,-7.822021,1.437106,-106.116013
221.419006,-7.936497,1.867868,-105.027489
221.610992,-7.952045,1.089137,-104.416039
221.802994,-7.986572,0.134962,-103.585808
222.016006,-8.202299,-0.840122,-104.481621
222.207993,-7.958633,-0.688597,-105.940460
222.421005,-6.946393,-0.488612,-106.152122
222.613007,-6.653063,-0.679948,-106.414551
222.804993,-7.206669,-0.513433,-106.499344
223.018997,-7.268084,0.154632,-106.525902
223.210999,-7.774957,0.614196,-106.172531
223.403000,-7.890762,0.974681,-106.399780
223.615997,-7.569539,0.911706,-106.153954
223.807999,-6.446017,0.724043,-105.668625
224.000000,-6.607705,0.146535,-105.218384
224.212997,-7.053288,-1.053502,-107.427605
224.404999,-6.668354,-1.516600,-109.013000
224.619003,-6.801809,-1.300826,-109.482193
224.811005,-6.092521,-0.858048,-110.851318
225.003006,-5.906330,-1.089877,-111.848732
225.216003,-5.391754,-0.703476,-109.851639
225.408005,-5.365023,0.198464,-104.622841
225.600006,-5.280442,0.186171,-102.833015
225.813004,-6.141245,-0.183739,-103.263641
226.005005,-6.876111,-0.155306,-103.675545
226.218994,-6.741442,-0.296418,-104.348076
226.410995,-6.504525,-0.384411,-104.744766
226.602997,-6.575832,-0.312379,-104.418953
226.815994,-6.732160,-0.859002,-104.542267
227.007996,-7.032289,-0.647461,-104.692596
227.220993,-7.164259,-1.048293,-104.557365
227.412994,-6.954458,-1.319870,-104.571945
227.604996,-7.088349,-1.163993,-104.150963
227.819000,-7.038905,-1.404603,-104.326363
228.011002,-7.038905,-1.404603,-104.326363
228.203003,-6.969672,-1.484923,-104.491440
228.416000,-7.045692,-1.379650,-104.737755
228.608002,-6.955046,-1.309884,-104.732414
228.800003,-6.863891,-1.249949,-104.566704
229.013000,-6.773749,-1.170303,-104.722076
229.205002,-6.773323,-1.180012,-104.561577
229.419006,-6.702772,-1.280195,-104.405586
229.610992,-6.723189,-1.440747,-104.415253
229.802994,-6.813702,-1.510800,-104.420563
230.016006,-6.899726,-1.575368,-104.495987
230.207993,-6.990210,-1.645278,-104.501503
230.421005,-6.829781,-1.665822,-104.500420
230.613007,-6.920279,-1.735729,-104.505966
230.804993,-6.920279,-1.735729,-104.505966
231.018997,-7.018956,-1.780861,-104.923050
231.210999,-7.024640,-1.776376,-105.013878
231.403000,-6.956377,-1.857123,-105.178757
231.615997,-6.882650,-1.942334,-105.252480
231.807999,-6.886938,-1.948053,-105.183098
232.000000,-6.724983,-1.979381,-105.021149
232.212997,-6.815904,-2.048924,-105.026863
232.404999,-6.906826,-2.118450,-105.032692
232.619003,-6.814280,-2.058855,-104.866333
232.811005,-6.738744,-2.153672,-104.779625
233.003006,-6.738744,-2.153672,-104.779625
233.216003,-6.761751,-2.304152,-104.949959
233.408005,-6.791269,-2.450597,-105.211296
233.600006,-6.715756,-2.545352,-105.124146
233.813004,-6.695817,-2.953142,-105.238663
234.005005,-6.365999,-3.376495,-105.827881
234.218994,-5.440027,-4.790543,-106.350197
234.410995,-4.098290,-5.459582,-106.983971
234.602997,-3.479943,-5.709540,-107.030495
234.815994,-2.929470,-5.874062,-107.007240
235.007996,-3.028601,-5.943060,-107.106377
235.220993,-3.197086,-5.913052,-107.274857
235.412994,-3.272606,-5.815023,-107.436462
235.604996,-3.272606,-5.815023,-107.436462
235.819000,-3.079744,-5.685398,-107.262657
236.011002,-3.048851,-5.524600,-107.164543
236.203003,-3.239732,-5.259455,-106.845184
236.416000,-3.462302,-5.149442,-106.691460
236.608002,-3.753760,-4.941932,-106.605820
236.800003,-3.661603,-4.873694,-106.599655
237.013000,-3.822241,-4.850113,-106.605705
237.205002,-3.730094,-4.781873,-106.599571
237.419006,-3.471367,-4.742986,-106.426964
237.610992,-3.563432,-4.811401,-106.432915
237.802994,-3.655505,-4.879798,-106.438972
238.016006,-3.816209,-4.856437,-106.445045
238.207993,-3.947671,-4.679413,-106.283829
238.421005,-4.108386,-4.656257,-106.289574
238.613007,-4.039650,-4.747925,-106.290016
238.804993,-3.970907,-4.839591,-106.290344
239.018997,-3.810157,-4.862747,-106.284309
239.210999,-3.884826,-4.764693,-106.444847
239.403000,-3.884826,-4.764693,-106.444847
239.615997,-3.884826,-4.764693,-106.444847
239.807999,-3.884826,-4.764693,-106.444847
240.000000,-3.884826,-4.764693,-106.444847
240.212997,-3.816209,-4.856437,-106.445045
240.404999,-3.872760,-4.771317,-106.192200
240.619003,-3.712084,-4.794315,-106.186241
240.811005,-3.964900,-4.846106,-106.129570
241.003006,-3.958873,-4.852607,-105.968735
241.216003,-4.038200,-4.928261,-105.722466
241.408005,-3.921992,-4.878785,-105.141922
241.600006,-3.897243,-4.898011,-104.567757
241.813004,-3.876428,-4.737523,-104.561424
242.005005,-3.834523,-4.410648,-104.619011
242.218994,-3.770379,-4.501012,-104.710220
242.410995,-3.529707,-4.446302,-104.950890
242.602997,-3.605003,-4.349550,-105.111725
242.815994,-3.448934,-4.187883,-105.835541
243.007996,-3.806152,-4.105568,-106.901283
243.220993,-3.883044,-4.219647,-108.307640
243.412994,-3.842859,-4.292310,-108.975319
243.604996,-3.645313,-4.166114,-108.710518
243.819000,-3.898755,-4.206185,-108.721107
244.011002,-4.027538,-4.026544,-108.559364
244.203003,-4.013439,-4.438986,-108.573334
244.416000,-3.914921,-4.378759,-108.407219
244.608002,-3.914921,-4.378759,-108.407219
244.800003,-3.909068,-4.379367,-108.314056
245.013000,-3.836594,-4.478557,-108.154381
245.205002,-3.659492,-4.516829,-107.735374
245.419006,-3.465089,-4.565504,-106.902977
245.610992,-3.447972,-4.582807,-106.421165
245.802994,-3.011147,-4.400681,-106.398880
246.016006,-2.747670,-4.359722,-106.135399
246.207993,-2.523784,-4.469727,-106.289902
246.421005,-2.908396,-4.336849,-106.140938
246.613007,-2.937071,-4.492095,-106.306618
246.804993,-3.166451,-4.377330,-106.312439
247.018997,-3.171867,-4.377417,-106.404411
247.210999,-3.171946,-4.372019,-106.473045
247.403000,-3.171946,-4.372019,-106.473045
247.615997,-3.177360,-4.372091,-106.565094
247.807999,-3.177360,-4.372091,-106.565094
248.000000,-3.171867,-4.377417,-106.404411
248.212997,-3.235167,-4.285682,-106.312477
248.404999,-3.395935,-4.267993,-106.249046
248.619003,-3.327124,-4.359674,-106.249146
248.811005,-3.419073,-4.428281,-106.254700
249.003006,-3.418992,-4.422693,-106.323456
249.216003,-3.419073,-4.428281,-106.254700
249.408005,-3.395777,-4.262547,-106.317802
249.600006,-3.235167,-4.285682,-106.312477
249.813004,-3.332569,-4.354139,-106.409882
250.005005,-3.401063,-4.256938,-106.478378
250.218994,-3.401063,-4.256938,-106.478378
250.410995,-3.395777,-4.262547,-106.317802
250.602997,-3.395777,-4.262547,-106.317802
250.815994,-3.395935,-4.267993,-106.249046
251.007996,-3.395935,-4.267993,-106.249046
251.220993,-3.487875,-4.336602,-106.254570
251.412994,-3.482302,-4.336785,-106.162682
251.604996,-3.419073,-4.428281,-106.254700
251.819000,-3.511028,-4.496873,-106.260368
252.011002,-3.355930,-4.514359,-106.415474
252.203003,-3.263895,-4.445896,-106.409889
252.416000,-3.332569,-4.354139,-106.409882
252.608002,-3.355930,-4.514359,-106.415474
252.800003,-3.424595,-4.422605,-106.415436
253.013000,-3.332569,-4.354139,-106.409882
253.205002,-3.487684,-4.331047,-106.323318
253.419006,-3.487875,-4.336602,-106.254570
253.610992,-3.602844,-4.559643,-106.334877
253.802994,-3.632077,-4.719655,-106.432884
254.016006,-3.540021,-4.651239,-106.426971
254.207993,-3.608667,-4.559488,-106.426865
254.421005,-3.677307,-4.467736,-106.426651
254.613007,-3.545822,-4.645342,-106.587639
254.804993,-3.453696,-4.577053,-106.581841
255.018997,-3.551682,-4.645272,-106.679825
255.210999,-3.453696,-4.577053,-106.581841
255.403000,-3.355943,-4.508742,-106.484085
255.615997,-3.034480,-4.560925,-106.404030
255.807999,-2.897587,-4.738892,-106.471855
256.000000,-2.903133,-4.739403,-106.563934
256.213013,-3.155970,-4.784226,-106.575645
256.404999,-3.310639,-4.766303,-106.420982
256.618988,-3.316650,-4.760704,-106.581680
256.811005,-3.414722,-4.829139,-106.679749
257.002991,-3.322468,-4.760887,-106.673874
257.216003,-3.322643,-4.755091,-106.742317
257.407990,-3.322643,-4.755091,-106.742317
257.600006,-3.328459,-4.755257,-106.834587
257.812988,-3.162030,-4.778832,-106.736298
258.005005,-3.161711,-4.784552,-106.667839
258.218994,-3.132383,-4.624086,-106.570274
258.411011,-3.293048,-4.600576,-106.576088
258.602997,-3.218579,-4.697859,-106.415215
258.816010,-3.408794,-4.828990,-106.587547
259.007996,-3.248116,-4.852526,-106.581436
259.200012,-3.248116,-4.852526,-106.581436
259.412994,-3.316650,-4.760704,-106.581680
259.605011,-3.248116,-4.852526,-106.581436
259.819000,-3.162030,-4.778832,-106.736298
260.010986,-3.167769,-4.779142,-106.828575
260.203003,-3.167769,-4.779142,-106.828575
260.415985,-3.162030,-4.778832,-106.736298
260.608002,-3.161711,-4.784552,-106.667839
260.821014,-3.155970,-4.784226,-106.575645
261.013000,-3.155970,-4.784226,-106.575645
261.204987,-3.179575,-4.944343,-106.581085
261.419006,-3.248116,-4.852526,-106.581436
261.610992,-3.179575,-4.944343,-106.581085
261.803009,-3.277733,-5.012994,-106.679237
262.015991,-3.185460,-4.944746,-106.673294
262.208008,-3.117450,-5.030775,-106.741302
262.420990,-3.185856,-4.938884,-106.741753
262.613007,-3.185856,-4.938884,-106.741753
262.804993,-3.185460,-4.944746,-106.673294
263.019012,-3.087420,-4.876045,-106.575256
263.210999,-3.179575,-4.944343,-106.581085
263.403015,-3.241962,-4.858047,-106.420715
263.615997,-3.111026,-5.036157,-106.580620
263.808014,-3.203198,-5.104437,-106.586594
264.000000,-3.271738,-5.012625,-106.587021
264.213013,-3.295378,-5.172701,-106.592667
264.404999,-3.363908,-5.080891,-106.593063
264.618988,-3.370014,-5.081227,-106.685295
264.811005,-3.370342,-5.075146,-106.753731
265.002991,-3.370342,-5.075146,-106.753731
265.216003,-3.370342,-5.075146,-106.753731
265.407990,-3.271738,-5.012625,-106.587021
265.600006,-3.265362,-5.018212,-106.426285
265.812988,-3.265362,-5.018212,-106.426285
266.005005,-3.196679,-5.109946,-106.425842
266.218994,-3.042469,-5.127967,-106.580048
266.411011,-3.134050,-5.202283,-106.517441
266.602997,-3.134050,-5.202283,-106.517441
266.816010,-3.233011,-5.265063,-106.684410
267.007996,-3.308093,-5.167462,-106.845665
267.200012,-3.369769,-4.727035,-107.822754
267.412994,-3.703899,-4.479257,-108.882874
267.605011,-3.842859,-4.292310,-108.975319
267.819000,-3.882477,-4.039376,-108.968224
268.010986,-3.685528,-3.913317,-108.703835
268.203003,-3.515459,-3.946159,-108.445847
268.415985,-3.266518,-3.927131,-97.578331
268.608002,-2.698324,-3.770941,-88.223755
268.821014,-1.225178,-3.541901,-85.009476
269.013000,-0.746929,-3.619082,-82.805206
269.204987,-0.190642,-3.916682,-81.321060
269.419006,0.526266,-3.467851,-86.011856
269.610992,1.401268,-2.944108,-92.232834
269.803009,1.808315,-3.004635,-95.304939
270.015991,1.354918,-2.928738,-97.345520
270.208008,1.450277,-2.694312,-97.432205
270.420990,1.637335,-2.376377,-97.184433
270.613007,1.241141,-2.268688,-97.032021
270.804993,0.990000,-2.335887,-97.198212
271.019012,0.728302,-2.564019,-97.363861
271.210999,0.645463,-2.479363,-97.689644
271.403015,0.735232,-2.403165,-97.526482
271.615997,0.649025,-2.478682,-97.527863
271.808014,0.647585,-2.480804,-97.614128
272.000000,0.717232,-2.566356,-97.849220
272.213013,0.717232,-2.566356,-97.849220
272.404999,0.640450,-2.482145,-97.937859
272.618988,0.640450,-2.482145,-97.937859
272.811005,0.555491,-2.555288,-97.852898
273.002991,0.303601,-2.619632,-98.019989
273.216003,0.294355,-2.621884,-98.430130
273.407990,1.089149,-0.782286,-111.341354
273.600006,1.384542,0.041973,-127.639465
273.812988,2.173422,1.059504,-138.908005
274.005005,2.436225,0.251381,-146.650757
274.218994,1.688850,0.339734,-149.625427
274.411011,1.328671,0.354826,-150.096985
274.602997,0.349562,0.454257,-148.897934
274.816010,0.343118,-0.380446,-149.036484
275.007996,2.012408,-1.990557,-152.893326
275.200012,4.490579,-4.741808,-154.358047
275.412994,4.629637,-5.757552,-153.949921
275.605011,4.064627,-6.275018,-149.921677
275.819000,4.305328,-5.572403,-136.784271
276.010986,3.919119,-6.364295,-123.826248
276.203003,4.875369,-6.177564,-118.537865
276.415985,4.644319,-5.910594,-117.734093
276.608002,4.681270,-5.876197,-116.965782
276.821014,4.261513,-6.000286,-116.411057
277.013000,4.349425,-6.344940,-116.295624
277.204987,4.091835,-6.100507,-115.904968
277.419006,2.245607,-4.840322,-112.938629
277.610992,-1.122102,-4.167008,-109.352104
277.803009,-3.923198,-3.555118,-105.579071
278.015991,-6.007816,-3.319720,-102.944267
278.208008,-5.850922,-3.518839,-102.537674
278.420990,-1.431031,-4.317351,-104.042351
278.613007,0.065258,-4.583042,-104.629524
278.804993,0.961514,-4.615816,-104.593384
279.019012,0.688993,-4.825865,-104.603104
279.210999,0.907335,-4.520879,-104.184052
279.403015,1.107463,-4.377827,-103.694748
279.615997,1.449333,-4.412411,-103.197945
279.808014,1.635126,-4.418153,-102.527779
280.000000,1.782223,-4.752170,-102.033203
280.213013,1.809557,-4.432000,-102.198418
280.404999,1.862068,-4.103974,-101.717735
280.618988,1.282218,-4.128114,-101.899620
280.811005,0.744518,-3.824728,-101.831917
281.002991,0.062376,-3.920125,-102.427544
281.216003,-0.547464,-3.932990,-103.504761
281.407990,-0.968705,-3.800109,-104.342522
281.600006,-1.528065,-4.048900,-105.350517
281.812988,-1.516638,-3.882620,-105.669395
282.005005,-1.150184,-3.770715,-104.991516
282.218994,-1.309776,-3.753308,-104.926712
282.411011,-1.336182,-3.911340,-105.090233
282.602997,-1.384650,-4.229692,-105.256493
282.816010,-1.705236,-4.190897,-105.198067
283.007996,-1.867299,-4.164933,-105.273270
283.200012,-2.022716,-4.146928,-105.117844
283.412994,-1.963135,-4.235353,-105.369102
283.605011,-1.964141,-4.230798,-105.438606
283.819000,-2.033590,-4.139691,-105.439552
284.010986,-2.194377,-4.117840,-105.444946
284.203003,-2.285006,-4.191801,-105.380135
284.415985,-2.258579,-4.030653,-105.284851
284.608002,-2.418887,-4.013660,-105.220436
284.821014,-2.579837,-3.992080,-105.225594
285.013000,-2.510666,-4.078383,-105.294769
285.204987,-2.510182,-4.083148,-105.225166
285.419006,-2.505405,-4.082659,-105.133919
285.610992,-2.665919,-4.066054,-105.069427
285.803009,-2.564810,-4.000376,-104.812515
286.015991,-2.564794,-4.173510,-104.242889
286.208008,-2.461500,-4.284269,-103.345871
286.420990,-2.590425,-4.281428,-102.526520
286.613007,-2.818011,-4.178893,-102.371277
286.804993,-2.966882,-3.995611,-102.533188
287.019012,-2.930919,-4.406651,-102.542465
287.210999,-2.852157,-4.330958,-102.788254
287.403015,-2.828495,-4.174697,-102.622223
287.615997,-2.918186,-4.246192,-102.627319
287.808014,-2.895175,-4.084952,-102.532951
288.000000,-2.918560,-4.241059,-102.698944
288.213013,-3.000618,-4.147021,-102.950264
288.404999,-2.860557,-4.151738,-103.518639
288.618988,-2.886944,-4.133071,-104.253616
288.811005,-2.892241,-4.128291,-104.414650
289.002991,-2.746157,-4.313940,-104.252876
289.216003,-2.892241,-4.128291,-104.414650
289.407990,-2.695303,-4.001599,-103.921516
289.600006,-2.720507,-4.157842,-104.087181
289.812988,-2.856673,-3.976937,-103.997269
290.005005,-2.791045,-4.067488,-104.087540
290.218994,-2.947141,-4.047316,-104.002220
290.411011,-2.947141,-4.047316,-104.002220
290.602997,-2.947141,-4.047316,-104.002220
290.816010,-2.952155,-4.047482,-104.092751
291.007996,-2.856673,-3.976937,-103.997269
291.200012,-2.856673,-3.976937,-103.997269
291.412994,-2.856673,-3.976937,-103.997269
291.605011,-2.856673,-3.976937,-103.997269
291.819000,-2.856471,-3.981829,-103.926659
292.010986,-2.856471,-3.981829,-103.926659
292.203003,-2.947141,-4.047316,-104.002220
292.415985,-2.946967,-4.052319,-103.931618
292.608002,-2.947141,-4.047316,-104.002220
292.821014,-3.017686,-3.957070,-104.002335
293.013000,-3.037470,-4.122796,-103.936691
293.204987,-3.108119,-4.032523,-103.936783
293.419006,-3.289105,-4.168129,-104.017784
293.610992,-3.113251,-4.027463,-104.097900
293.803009,-3.042741,-4.117820,-104.097824
294.015991,-2.957328,-4.042632,-104.253822
294.208008,-2.886944,-4.133071,-104.253616
294.420990,-2.907238,-4.293703,-104.258430
294.613007,-2.977621,-4.203268,-104.258720
294.804993,-3.223933,-4.258452,-104.108299
295.019012,-3.203835,-4.097788,-104.103058
295.210999,-3.294426,-4.168099,-104.108322
295.403015,-3.223933,-4.258452,-104.108299
295.615997,-3.223933,-4.258452,-104.108299
295.808014,-3.294426,-4.168099,-104.108322
296.000000,-3.223933,-4.258452,-104.108299
296.213013,-3.229354,-4.253185,-104.269371
296.404999,-3.068304,-4.273451,-104.263931
296.618988,-2.720507,-4.157842,-104.087181
296.811005,-2.811101,-4.228190,-104.092201
297.002991,-2.901703,-4.298525,-104.097328
297.216003,-3.244047,-4.419096,-104.113609
297.407990,-3.244047,-4.419096,-104.113609
297.600006,-3.314538,-4.328746,-104.113708
297.812988,-3.475626,-4.308675,-104.119194
298.005005,-3.405151,-4.399025,-104.119232
298.218994,-3.592148,-4.533713,-104.291664
298.411011,-3.566237,-4.378941,-104.124794
298.602997,-3.501439,-4.463604,-104.285919
298.816010,-3.501439,-4.463604,-104.285919
299.007996,-3.507128,-4.463575,-104.376686
299.200012,-3.507090,-4.457905,-104.446930
299.412994,-3.668058,-4.437362,-104.452545
299.605011,-3.501439,-4.463604,-104.285919
299.819000,-3.501439,-4.463604,-104.285919
300.010986,-3.431016,-4.559733,-104.215500
300.203003,-3.592148,-4.533713,-104.291664
300.415985,-3.431016,-4.559733,-104.215500
300.608002,-3.334668,-4.489373,-104.119156
300.821014,-3.484398,-4.474948,-103.873260
301.013000,-3.478656,-4.486260,-103.641327
301.204987,-3.647591,-4.633474,-103.401405
301.419006,-3.718626,-4.543577,-103.401360
301.610992,-3.814810,-4.614242,-103.497543
301.803009,-3.970011,-4.595264,-103.413132
302.015991,-3.874092,-4.530662,-103.245895
302.208008,-4.041012,-4.505367,-103.412811
302.420990,-4.131191,-4.576136,-103.418922
302.613007,-4.131191,-4.576136,-103.418922
302.804993,-4.131191,-4.576136,-103.418922
303.019012,-4.131595,-4.582286,-103.347878
303.210999,-4.196547,-4.492869,-103.257278
303.403015,-4.202691,-4.492364,-103.347420
303.615997,-4.221378,-4.646889,-103.425140
303.808014,-4.137359,-4.575725,-103.509155
304.000000,-4.208315,-4.485718,-103.508682
304.213013,-4.136938,-4.569579,-103.580063
304.404999,-4.208315,-4.485718,-103.508682
304.618988,-4.227209,-4.640193,-103.586273
304.811005,-4.221378,-4.646889,-103.425140
305.002991,-4.292352,-4.556995,-103.424644
305.216003,-4.311572,-4.717624,-103.431473
305.407990,-4.472725,-4.698451,-103.437370
305.600006,-4.472725,-4.698451,-103.437370
305.812988,-4.543670,-4.608560,-103.436714
306.005005,-4.621028,-4.517842,-103.526169
306.218994,-4.555834,-4.600686,-103.688133
306.411011,-4.555834,-4.600686,-103.688133
306.602997,-4.549390,-4.601420,-103.597809
306.816010,-4.614608,-4.518669,-103.435944
307.007996,-4.614608,-4.518669,-103.435944
307.200012,-4.711314,-4.588520,-103.532646
307.412994,-4.640415,-4.678520,-103.533455
307.605011,-4.704783,-4.589374,-103.442413
307.819000,-4.615429,-4.525072,-103.364952
308.010986,-4.614608,-4.518669,-103.435944
308.203003,-4.549390,-4.601420,-103.597809
308.415985,-4.549390,-4.601420,-103.597809
308.608002,-4.465459,-4.530130,-103.681740
308.821014,-4.601664,-4.357141,-103.518936
309.013000,-4.550118,-4.607844,-103.526947
309.204987,-4.621028,-4.517842,-103.526169
309.419006,-4.459827,-4.537150,-103.520554
309.610992,-4.614608,-4.518669,-103.435944
309.803009,-4.704783,-4.589374,-103.442413
310.015991,-4.640415,-4.678520,-103.533455
310.208008,-4.640415,-4.678520,-103.533455
310.420990,-4.550118,-4.607844,-103.526947
310.613007,-4.549390,-4.601420,-103.597809
310.804993,-4.529937,-4.440858,-103.590660
311.019012,-4.555834,-4.600686,-103.688133
311.210999,-4.555089,-4.594265,-103.758858
311.403015,-4.490890,-4.683684,-103.849960
311.615997,-4.323874,-4.710307,-103.682945
311.808014,-4.485056,-4.690772,-103.688820
312.000000,-4.323874,-4.710307,-103.682945
312.213013,-4.156704,-4.736455,-103.515770
312.404999,-3.846262,-4.762623,-103.826218
312.618988,-4.007449,-4.742910,-103.832237
312.811005,-4.001232,-4.743133,-103.741814
313.002991,-3.911052,-4.678731,-103.664864
313.216003,-3.916970,-4.672449,-103.826073
313.407990,-3.846262,-4.762623,-103.826218
313.600006,-3.846262,-4.762623,-103.826218
313.812988,-3.916970,-4.672449,-103.826073
314.005005,-4.013431,-4.736476,-103.993385
314.218994,-3.936751,-4.833082,-103.832413
314.411011,-3.840128,-4.762707,-103.735794
314.602997,-3.582600,-4.717565,-103.562553
314.816010,-3.092733,-4.780566,-103.382912
315.007996,-1.627014,-4.957446,-103.001762
315.200012,2.482825,-5.101044,-100.043213
315.412994,7.037997,-4.235254,-92.826965
315.605011,8.911090,-3.006367,-84.723007
315.819000,8.308295,-2.562146,-79.233719
316.010986,7.233177,-2.918155,-78.103493
316.203003,5.696224,-1.153946,-66.909035
316.415985,4.629717,-0.307302,-48.040592
316.608002,2.132148,-0.841142,-43.055077
316.821014,-0.471732,-3.474117,-38.080467
317.013000,-1.182140,-3.956800,-36.439167
317.204987,-1.533836,-2.513957,-35.780499
317.419006,-2.066995,-0.756865,-37.100990
317.610992,-3.368285,0.139610,-40.383327
317.803009,-2.629250,0.496151,-41.100704
318.015991,-4.091401,-0.935616,-44.232399
318.208008,-4.861479,1.837561,-69.464577
318.420990,-4.733998,5.431268,-79.533463
318.613007,-4.546116,8.231839,-82.271599
318.804993,-3.834711,9.196452,-82.853447
319.019012,-3.522982,9.873409,-83.182480
319.210999,-4.184221,11.048727,-82.996094
319.403015,-3.904345,11.884427,-83.071083
319.615997,-3.925743,12.873167,-83.437065
319.808014,-4.453409,13.169832,-83.279915
320.000000,-4.294552,14.009557,-83.669769
320.213013,-4.166920,14.880726,-85.037819
320.404999,-3.573745,14.358888,-86.281204
320.618988,-2.787844,14.171233,-87.938324
320.811005,-2.829884,13.764389,-88.189331
321.002991,-2.215451,13.139048,-89.173912
321.216003,-2.229074,11.998044,-88.950722
321.407990,-2.177441,11.257317,-88.563759
321.600006,-2.327840,10.674227,-87.746613
321.812988,-2.967249,9.788010,-88.606506
322.005005,-3.163367,8.958953,-91.134628
322.218994,-2.662847,9.061857,-92.309715
322.411011,-3.423559,9.146366,-91.921677
322.602997,-3.573903,8.719687,-91.109947
322.816010,-3.296084,8.642284,-91.538681
323.007996,-3.083082,8.657168,-92.204330
323.200012,-2.483018,9.223597,-92.483017
323.412994,-2.279850,9.182746,-90.954643
323.605011,-1.790470,9.017851,-90.996544
323.819000,-2.402844,8.446672,-90.472694
324.010986,-1.446844,8.277941,-90.220375
324.203003,-0.460322,8.270825,-90.372780
324.415985,-0.875160,8.196319,-90.262375
324.608002,-1.137016,8.269333,-89.999016
324.821014,-1.206892,8.190187,-90.157227
325.013000,-0.950910,7.948909,-90.339996
325.204987,0.098427,7.865074,-90.250404
325.419006,0.588010,7.863844,-90.284058
325.610992,0.402382,7.865474,-89.946449
325.803009,0.331733,7.622463,-90.103310
326.015991,0.342190,7.460248,-90.265953
326.208008,0.244527,7.536542,-90.016106
326.420990,0.320920,7.461204,-89.939713
326.613007,0.147165,7.461334,-89.765953
326.804993,-0.178693,7.298888,-89.744965
327.019012,-0.434051,7.378533,-89.565948
327.210999,-0.368474,7.453620,-89.326767
327.403015,-0.444564,7.377866,-89.402855
327.615997,-0.601151,7.210565,-89.475197
327.808014,-0.781258,7.374881,-89.218742
328.000000,-0.700298,7.456331,-89.223457
328.213013,-0.793177,7.535413,-89.054436
328.404999,-0.630061,7.536806,-89.065170
328.618988,-0.742756,7.451852,-88.571075
328.811005,-0.750607,6.789838,-85.569000
329.002991,-1.459794,6.161324,-82.530823
329.216003,-6.391464,4.875807,-77.926468
329.407990,-7.431428,4.105586,-76.460724
329.600006,-7.646275,4.022542,-76.871315
329.812988,-7.005700,4.105390,-76.960495
330.005005,-6.903717,4.047635,-77.218918
330.218994,-7.056083,4.235062,-77.937637
330.411011,-6.966939,4.539660,-78.819740
330.602997,-6.880799,4.640826,-79.067314
330.816010,-6.713791,4.666665,-79.234322
331.007996,-6.635053,4.764829,-79.393616
331.200012,-6.459833,4.791766,-79.649284
331.412994,-5.985689,5.185650,-80.133965
331.605011,-5.514807,5.389505,-80.145500
331.819000,-5.264959,5.330311,-80.160011
332.010986,-5.398389,5.164008,-80.411110
332.203003,-5.297407,5.106504,-80.742020
332.415985,-4.770913,5.183387,-81.658958
332.608002,-4.241938,5.230091,-84.284042
332.821014,-3.882171,5.577998,-86.968933
333.013000,-3.500531,5.454930,-88.047905
333.204987,-2.594734,5.515154,-90.037315
333.419006,-1.377635,5.534882,-91.718681
333.610992,-0.751797,5.291305,-93.048431
333.803009,-0.883586,5.719172,-95.068886
334.015991,-0.790484,5.797220,-95.235092
334.208008,-0.591101,5.703030,-94.435013
334.420990,-0.591101,5.703030,-94.435013
334.613007,-0.761830,5.708477,-94.264282
334.804993,-0.599231,5.702496,-94.272423
335.019012,-0.362244,5.608499,-94.200432
335.210999,1.602554,5.146440,-93.155197
335.403015,3.043116,5.118095,-92.732574
335.615997,4.817815,4.917694,-92.641304
335.808014,5.561495,4.640260,-93.067375
336.000000,5.561495,4.640260,-93.067375
336.213013,5.484314,4.553826,-93.222420
336.404999,5.322120,4.558673,-93.216179
336.618988,4.907958,4.496952,-93.034691
336.811005,4.498155,4.595723,-92.860130
337.002991,4.163076,4.442372,-92.758072
337.216003,3.994649,4.452279,-92.589645
337.407990,3.911571,4.373315,-92.583717
337.600006,4.313001,4.450726,-92.439743
337.812988,4.634813,4.611732,-92.296532
338.005005,4.711177,4.697614,-92.140892
338.218994,4.469417,4.783401,-92.134315
338.411011,4.469417,4.783401,-92.134315
338.602997,4.548914,4.700899,-92.134354
338.816010,4.469417,4.783401,-92.134315
339.007996,4.396480,4.866112,-92.217010
339.200012,4.148058,4.951667,-92.126976
339.412994,3.978774,4.960661,-91.957695
339.605011,3.978774,4.960661,-91.957695
339.819000,4.058446,4.878274,-91.958229
340.010986,3.975764,4.798887,-91.951942
340.203003,3.726860,4.889635,-91.782181
340.415985,3.564456,4.892367,-91.775330
340.608002,3.395161,4.899983,-91.606026
340.821014,3.481889,4.812810,-91.769371
341.013000,1.140835,4.861677,-90.129532
